ASV_ID	Soil	Cluster	Kingdom	Phylum	Class	Order	Family	Genus	Species
TACGTAGGGTGCAAGCGTTGTCCGGAATTATTGGGCGTAAAGAGCTCGTAGGCGGTTCGTCGCGTCGGCTGTGAAATCCCGAGGCTCAACCTCGGGTCTGCAGTCGATACGGGCGGACTGGAGTTCGGCAGGGGAGACTGGAATTCCTGGTGTAGCGGTGAAATGCGCAGATATCAGGAGGAACACCGGTGGCGAAGGCGGGTCTCTGGGCCGATACTGACGCTGAGGAGCGAAAGCGTGGGGAGCGAACAGG	McLaughlin	Dry-dominant	Bacteria	Actinobacteriota	Actinomycetia	Mycobacteriales	Geodermatophilaceae	Geodermatophilus_A	Geodermatophilus_A_daqingensis(RS_GCF_013408985_1)
TACGAACTGTGCGAACGTTATTCGGAATCACTGGGCTTACAGGGTGCGTAGGCGGCTTGTCAAGTAGGGTGTGAAAGCCCCCGGCTCAACCGGGGAATTGCGCCCTAAACTGGCGAGCTGGAGTGAGATAGGGGTGTGTGGAACTTCCGGTGGAGCGGTGAAATGTGTTGATATCGGAAGGAACGCCGGTGGCGAAAGCGACACACTGGATCTTGTCTGACGCTGAGGCACGAAAGCCAGGGGAGCGAACGGG	Jepson Mound	Dry-dominant	Bacteria	Planctomycetota	Planctomycetia	Planctomycetales	UBA10511	JACQFH01	NA
TACGTAGGGTGCAAGCGTTGTCCGGAATTATTGGGCGTAAAGAGCTCGTAGGCGGTTTGTTGCGTCGGCTGTGAAATCCCGAGGCTCAACCTCGGGTCTGCAGTCGATACGAGCAAACTAGAGTGTTGCAGGGGAGACTGGAATTCCTGGTGTAGCGGTGAAATGCGCAGATATCAGGAGGAACACCGGTGGCGAAGGCGGGTCTCTGGGCAACAACTGACGCTGAGGAGCGAAAGCGTGGGGAGCGAACAGG	McLaughlin	Dry-dominant	Bacteria	Actinobacteriota	Actinomycetia	Mycobacteriales	Geodermatophilaceae	Blastococcus	Blastococcus_sp004570385(RS_GCF_004570385_1)
TACGTAGGGTGCAAGCGTTGTCCGGAATTATTGGGCGTAAAGAGCTCGTAGGCGGTTTGTTGCGTCGGCTGTGAAATCCCGAGGCTCAACCTCGGGTCTGCAGTCGATACGAGCAAACTAGAGTGTTGCAGGGGAGACTGGAATTCCTGGTGTAGCGGTGAAATGCGCAGATATCAGGAGGAACACCGGTGGCGAAGGCGGGTCTCTGGGCAGCAACTGACGCTGAGGAGCGAAAGCGTGGGGAGCGAACAGG	McLaughlin	Dry-dominant	Bacteria	Actinobacteriota	Actinomycetia	Mycobacteriales	Geodermatophilaceae	Blastococcus	NA
CACGTAGGGCGCAAGCGTTGTCCGGAATTATTGGGCGTAAAGAGCTCGTAGGTGGTCTGTTGCGTCCGCTGTGAAAACTCAGGGCTTAACCCTGAGCCTGCAGTGGATACGGGCAGACTAGAGGTAGGTAGGGGAGAATGGAATTCCTGGTGTAGCGGTGAAATGCGCAGATATCAGGAGGAACACCGGTGGCGAAGGCGGTTCTCTGGGCCTTACCTGACACTGAGGAGCGAAAGCGTGGGGAGCGAACAGG	Jepson Mound	Dry-dominant	Bacteria	Actinobacteriota	Actinomycetia	Streptosporangiales	Streptosporangiaceae	NA	NA
TACGTAGGGGGCAAGCGTTGTCCGGAATCATTGGGCGTAAAGCGCGTGTAGGCGGCTTGGTAAGTCCGCTCTGAAAGCCCGGGGCTCAACCCCGGGAGGCGGGTGGATACTGTCAAGCTCGAGTCCGGAAGAGGCGAGTGGAATTCCTGGTGTAGCGGTGAAATGCGCAGATATCAGGAGGAACACCAATGGCGAAGGCAGCTCGCTGGGACGTGACTGACGCTGAGACGCGAAAGCGTGGGGAGCAAACAGG	McLaughlin	Dry-dominant	Bacteria	Actinobacteriota	Thermoleophilia	Solirubrobacterales	Solirubrobacteraceae	Baekduia	Baekduia_woesei_A(RS_GCF_000424625_1)
TACGTAGGGGGCAAGCGTTGTCCGGAATTATTGGGCGTAAAGAGCGTGTAGGCGGTCCGGTAAGTCGGCTGTGAAAGTCCAGGGCTCAACCCTGGGATGCCGGTCGATACTGCCGGACTAGAGTTCGGAAGAGGCGAGTGGAATTCCCGGTGTAGCGGTGAAATGCGCAGATATCGGGAGGAACACCTATGGCGAAGGCAGCTCGCTGGGACGTTACTGACGCTGAGACGCGAAAGCGTGGGGAGCAAACAGG	Hopland	Dry-dominant	Bacteria	Actinobacteriota	Thermoleophilia	Solirubrobacterales	Solirubrobacteraceae	NA	NA
TACGTAGGGGGCTAGCGTTGTCCGGATTTATTGGGCGTAAAGAGCGTGTAGGCGGCCAGGTAGGTCTGCTGTGAAAACTCGAGGCTCAACCTCGAGACGTCGGCGGAAACCATCTGGCTAGAGTCCGGAAGAGGAGAGTGGAATTCCTGGTGTAGCGGTGAAATGCGCAGATATCAGGAAGAACACCCGTGGCGAAGGCGGCTCTCTGGGACGGTACTGACGCTGAGACGCGAAAGCGTGGGGAGCGAACAGG	Hopland	Dry-dominant	Bacteria	Actinobacteriota	Thermoleophilia	Gaiellales	Gaiellaceae	Palsa-739	NA
TACGTAGGGCGCAAGCGTTGTCCGGAATTATTGGGCGTAAAGAGCTCGTAGGCGGTTTGTCGCGTCTGCTGTGAAAACCTAAGGCTCAACCTTGGGCTTGCAGTGGGTACGGGCAGACTAGAGTGCGGTAGGGGTGACTGGAATTCCTGGTGTAGCGGTGGAATGCGCAGATATCAGGAGGAACACCGATGGCGAAGGCAGGTCACTGGGCCGCAACTGACGCTGAGGAGCGAAAGCATGGGGAGCGAACAGG	McLaughlin	Dry-dominant	Bacteria	Actinobacteriota	Actinomycetia	Actinomycetales	Cellulomonadaceae	Cellulomonas	Cellulomonas_aerilata(RS_GCF_007991755_1)
TACGTAGGGGGCAAGCGTTGTCCGGAATCATTGGGCGTAAAGAGCGTGTAGGCGGCTCGGTAAGTCCGCTGTAAAAGTCCAGGGCTCAACCCTGGAAAGCCGGTGGAAACTGTCGAGCTAGAGTCCGGAAGAGGCGAGTGGAATTCCTGGTGTAGCGGTGAAATGCGCAGATATCAGGAGGAACACCAATGGCGAAGGCAGCTCGCTGGGACGGTACTGACGCTGAGACGCGAAAGCGTGGGGAGCAAACAGG	Jepson Mound	Dry-dominant	Bacteria	Actinobacteriota	Thermoleophilia	Solirubrobacterales	Solirubrobacteraceae	AC-64	NA
TACGTAGGGCGCAAGCGTTGTCCGGAATTATTGGGCGTAAAGAGCTCGTAGGCGGCTTGTCACGTCGGGTGTGAAAGCCCGGGGCTTAACCCCGGGTCTGCATTCGATACGGGCTAGCTAGAGTGTGGTAGGGGAGATCGGAATTCCTGGTGTAGCGGTGAAATGCGCAGATATCAGGAGGAACACCGGTGGCGAAGGCGGATCTCTGGGCCATTACTGACGCTGAGGAGCGAAAGCGTGGGGAGCGAACAGG	Hopland	Dry-dominant	Bacteria	Actinobacteriota	Actinomycetia	Streptomycetales	Streptomycetaceae	Streptomyces	Streptomyces_sp001282115(RS_GCF_001282115_1)
TACGTAGGGGGCAAGCGTTGTCCGGAATTATTGGGCGTAAAGAGCGCGTAGGCGGTCCGATAAGTCGGCTGTGAAAGTCAGGGGCTCAACCCTTGAAAGCCGGCCGATACTGTCGGACTAGAGTCCGGAAGAGGCGAGTGGAATTCCCGGTGTAGCGGTGAAATGCGCAGATATCGGGAGGAACACCAATGGCGAAGGCAGCTCGCTGGGACGGTACTGACGCTGAGGCGCGAAAGCGTGGGGAGCAAACAGG	McLaughlin	Dry-dominant	Bacteria	Actinobacteriota	Thermoleophilia	Solirubrobacterales	Solirubrobacteraceae	Palsa-513	NA
TACGTAGGTGGCAAGCGTTGTCCGGATTTACTGGGCGTAAAGAGCGCGCAGGCGGTCGTTCAAGTCGCGTGTGAAAGCCCCCGGCTCAACTGGGGAGGGTCACGCGATACTGATCGACTCGAAGGCAGGAGAGGGTAGTGGAATTCCCGGTGTAGTGGTGAAATGCGTAGATATCGGGAGGAACACCAGTGGCGAAGGCGACTACCTGGCCTGTTCTTGACGCTGAGGCGCGAAAGCTAGGGGAGCAAACGGG	Hopland	Dry-dominant	Bacteria	Chloroflexota	Limnocylindria	Limnocylindrales	CSP1-4	UBA5189	NA
TACGTAGGGGGCAAGCGTTGTCCGGAATCATTGGGCGTAAAGCGCGTGTAGGCGGTCCGGTAAGTCGGCTGTGAAAGTCCAGGGCTCAACCCTGGGATGCCGGTCGATACTGCCGGACTAGAGTTCGGAAGAGGCGAGTGGAATTCCCGGTGTAGCGGTGAAATGCGCAGATATCGGGAGGAACACCAATGGCGAAGGCAGCTCGCTGGGACGTTACTGACGCTGAGACGCGAAAGCGTGGGGAGCAAACAGG	Hopland	Dry-dominant	Bacteria	Actinobacteriota	Thermoleophilia	Solirubrobacterales	Solirubrobacteraceae	Solirubrobacter	NA
TACGTAGGGGGCAAGCGTTGTCCGGAATCATTGGGCGTAAAGAGCGCGTAGGCGGTCCGGTAAGTCCGCTGTGAAAGTCAAGGGCTCAACCCTTGAATGCCGGTGGATACTGTCGGGCTAGAGTCCGGAAGAGGCGAGTGGAATTCCTGGTGTAGCGGTGAAATGCGCAGATATCAGGAGGAACACCAATGGCGAAGGCAGCTCGCTGGGACGGTACTGACGCTGAGGCGCGAAAGCGTGGGGAGCAAACAGG	Hopland	Dry-dominant	Bacteria	Actinobacteriota	Thermoleophilia	Solirubrobacterales	Thermoleophilaceae	AC-37	NA
TACGTAGGGGGCAAGCGTTGTCCGGAATCATTGGGCGTAAAGAGCGTGTAGGCGGTCCGGTCAGTCGGTTGTGAAAGTCAAGGGCTCAACCCTTGAATGCCGGCCGATACTGCCGGGCTAGAGTCCGGAAGAGGTGAGTGGAATTCCTGGTGTAGCGGTGAAATGCGCAGATATCAGGAGGAACACCGATGGCGAAGGCAGCTCACTGGGACGGTACTGACGCTGAGACGCGAAAGCGTGGGGAGCAAACAGG	Hopland	Dry-dominant	Bacteria	Actinobacteriota	Thermoleophilia	Solirubrobacterales	NA	NA	NA
TACGTAGGGGGCAAGCGTTGTCCGGATTTATTGGGCGTAAAGAGCGTGTAGGCGGCTTGGTAGGTCCGCTGTGAAAACTCGAGGCTCAACCTCGAGATGTCGGCGGAAACCACTTGGCTAGAGTCCGGAAGAGGAGAGTGGAATTCCTGGTGTAGCGGTGAAATGCGCAGATATCAGGAAGAACACCTATGGCGAAGGCAGCTCTCTGGGACGGTACTGACGCTGAGACGCGAAAGCGTGGGGAGCGAACAGG	Hopland	Dry-dominant	Bacteria	Actinobacteriota	Thermoleophilia	Gaiellales	Gaiellaceae	Palsa-739	NA
TACGTAGGGTCCGAGCGTTGTCCGGAGTTACTGGGCGTAAAGCGCGCGCAGGCGGCGGTGCTGGCCCGGCGTGAAAGCCCCCGGCTCAACCGGGGAGGGTCGTCGGGGACCGCACCGCTTGAGGGCGGTAGGGGCTGGTGGAATGCCTGGTGTAGTGGTGAAATGCGTAGAGATCAGGCGGAACACCCGTGGCGAAGGCGGCCAGCTGGGCCGTCCCTGACGCTGAGGCGCGAAGGCGTGGGGAGCGAACGGG	Hopland	Dry-dominant	Bacteria	Chloroflexota	Chloroflexia	Thermomicrobiales	UBA6265	CADCWL01	NA
TACAGAGGGTGCAAGCGTTGTTCGGAATTATTGGGCGTAAAGCGCGTGTAGGCGGCTTTGCAAGTCGGGTGTGAAAGCCCTCAGCTCAACTGAGGAAGTGCGCCCGAAACTGCAGAGCTTGAGTGCCGGAGAGGGTGGCGGAATTCCCCAAGTAGAGGTGAAATTCGTAGATATGGGGAGGAACACCGGTGGCGAAGGCGGCCACCTGGACGGTAACTGACGCTGAGACGCGAAAGCGTGGGGAGCAAACAGG	McLaughlin	Dry-dominant	Bacteria	Myxococcota	Myxococcia	Myxococcales	Myxococcaceae	Archangium	NA
TACGTAGGCAGCAAGCGTTGTTCGGAGTTACTGGGCGTAAAGAGTGCGTAGGCGGCTTCGTAAGTTTGGTGTGAAATCTCCCGGCTTAACTGGGAGGGTGCGCCGAAAACTGCGGGGCTGGAGCGTGGGAGAGGTAAGCGGAATTCCCGGTGTAGCGGTGAAATGCGTAGATATCGGGAGGAACACCAGCGGTGTAGACGGCTTACTGGACCACGGCTGACGCTGAGGCACGAAAGCGTGGGGAGCAAACAGG	Jepson Swale	Dry-dominant	Bacteria	Acidobacteriota	Acidobacteriae	Bryobacterales	Bryobacteraceae	NA	NA
TACGTAGGTGGCAAGCGTTGTCCGGATTTACTGGGCGTAAAGAGCGCGCAGGCGGTCGTACAAGTCGCGTGTGAAAGCCCCCGGCTCAACTGGGGAGGGTCACGCGATACTGTTCGACTCGAAGGCAGGAGAGGGAAGCGGAATTCCCGGTGTAGTGGTGAAATGCGTAGATATCGGGAGGAACACCAGTGGCGAAGGCGGCTTCCTGGCCTGTTCTTGACGCTGAGGCGCGAAAGCTAGGGTAGCAAACGGG	McLaughlin	Dry-dominant	Bacteria	Chloroflexota	Limnocylindria	Limnocylindrales	CSP1-4	UBA5189	NA
TACGTAGGTGGCAAGCGTTGTCCGGAATCACTGGGCGTAAAGCGCGCGCAGGCGGCGATCTACGTCTGGGGTGAAAGCCCGGAGCTCAACTCCGGGACTGCCTTGGATACGGGATCGCTTGAGGATTGGAGAGGCAAGGGGAATTCCACGTGTAGCGGTGAAATGCGTAGATATGTGGAGGAACACCTGTGGCGAAGGCGCCTTGCTGGCCAATTTCTGACGCTGAGGCGCGAAAGCGTGGGGAGCAAACAGG	Hopland	Wet-up responders	Bacteria	Firmicutes	Bacilli	Tumebacillales	Tumebacillaceae	Tumebacillus_A	NA
TACGTAGGGTGCAAGCGTTAATCGGAATTACTGGGCGTAAAGCGTGCGCAGGCGGTTTTGTAAGTCTGACGTGAAATCCCCGGGCTCAACCTGGGAATTGCGTTGGAGACTGCAAGGCTGGAGTCTGGCAGAGGGGGGTAGAATTCCACGTGTAGCAGTGAAATGCGTAGAGATGTGGAGGAACACCGATGGCGAAGGCAGCCCCCTGGGTCAAGACTGACGCTCATGCACGAAAGCGTGGGGAGCAAACAGG	Hopland	Wet-up responders	Bacteria	Proteobacteria	Gammaproteobacteria	Burkholderiales	Burkholderiaceae	Massilia	Massilia_sp002007115(RS_GCF_002007115_1)
TACGTAGGGTGCAAGCGTTAATCGGAATTACTGGGCGTAAAGCGTGCGCAGGCGGTTATGTAAGACAGGTGTGAAATCCCAGGGCTTAACCTTGGAACTGCATTTGTGACTGCATAGCTAGAGTACGGTAGAGGGGGATGGAATTCCGCGTGTAGCAGTGAAATGCGTAGATATGCGGAGGAACACCGATGGCGAAGGCAATCCCCTGGACCTGTACTGACGCTCATGCACGAAAGCGTGGGGAGCAAACAGG	McLaughlin	Wet-up responders	Bacteria	Proteobacteria	Gammaproteobacteria	Burkholderiales	Burkholderiaceae	Ramlibacter	NA
TACGTAGGGTGCAAGCGTTAATCGGAATTACTGGGCGTAAAGCGTGCGCAGGCGGTGATGTAAGACAGGTGTGAAATCCCCGGGCTTAACCTGGGAACTGCATTTGTGACTGCATCGCTGGAGTGCGGCAGAGGGGGATGGAATTCCGCGTGTAGCAGTGAAATGCGTAGATATGCGGAGGAACACCGATGGCGAAGGCAATCCCCTGGGCCTGCACTGACGCTCATGCACGAAAGCGTGGGGAGCAAACAGG	McLaughlin	Wet-up responders	Bacteria	Proteobacteria	Gammaproteobacteria	Burkholderiales	Burkholderiaceae	Ramlibacter	NA
TACGTAGGGTGCGAGCGTTAATCGGAATTACTGGGCGTAAAGCGTGCGCAGGCGGTGATGTAAGACAGGTGTGAAATCCCCGGGCTTAACCTGGGAACTGCATTTGTGACTGCATCGCTGGAGTGCGGCAGAGGGGGATGGAATTCCGCGTGTAGCAGTGAAATGCGTAGATATGCGGAGGAACACCGATGGCGAAGGCAATCCCCTGGGCCTGCACTGACGCTCATGCACGAAAGCGTGGGGAGCAAACAGG	McLaughlin	Wet-up responders	Bacteria	Proteobacteria	Gammaproteobacteria	Burkholderiales	Burkholderiaceae	Ramlibacter	Ramlibacter_ginsenosidimutans(RS_GCF_016654015_1)
TACGGAGGGGGCTAGCGTTGTTCGGAATTACTGGGCGTAAAGCGCACGTAGGCGGCTTTGTAAGTTAGAGGTGAAAGCCCAGGGCTTAACCCTGGAATTGCCTTTAAGACTGCATCGCTAGAATTGTGGAGAGGTAAGTGGAATTCCGAGTGTAGAGGTGAAATTCGTAGATATTCGGAAGAACACCAGTGGCGAAGGCGACTTACTGGACACATATTGACGCTGAGGTGCGAAAGCGTGGGGAGCAAACAGG	McLaughlin	Wet-up responders	Bacteria	Proteobacteria	Alphaproteobacteria	Sphingomonadales	Sphingomonadaceae	Sphingomicrobium	NA
TACGGGGGGGGCAAGCGTTGTTCGGAATTACTGGGCGTAAAGGGCTCGTAGGTGGCCAACTAAGTCAGACGTGAAATCCCTCGGCTTAACCGGGGAACTGCGTCTGATACTGGATGGCTTGAGTTTGGGAGAGGGATGCGGAATTCCAGGTGTAGCGGTGAAATGCGTAGATATCTGGAGGAACACCGGTGGCGAAGGCGGCATCCTGGACCAACACTGACACTGAGGAGCGAAAGCCAGGGGAGCAAACGGG	McLaughlin	Wet-up responders	Bacteria	Acidobacteriota	Vicinamibacteria	Vicinamibacterales	UBA2999	Gp6-AA45	NA
TACGTAGGGTGCAAGCGTTAATCGGAATTACTGGGCGTAAAGCGTGCGCAGGCGGTGATGTAAGACAGATGTGAAATCCCCGGGCTCAACCTGGGAACTGCATTTGTGACTGCATCGCTGGAGTGCGGCAGAGGGGGATGGAATTCCGCGTGTAGCAGTGAAATGCGTAGATATGCGGAGGAACACCGATGGCGAAGGCAATCCCCTGGGCCTGCACTGACGCTCATGCACGAAAGCGTGGGGAGCAAACAGG	Jepson Mound	Wet-up responders	Bacteria	Proteobacteria	Gammaproteobacteria	Burkholderiales	Burkholderiaceae	Ramlibacter	NA
TACGTAGGGTGCAAGCGTTAATCGGAATTACTGGGCGTAAAGCGTGCGCAGGCGGTGATGTAAGACAGATGTGAAATCCCCGGGCTCAACCTGGGAACTGCATTTGTGACTGCATCGCTGGAGTGCGGCAGAGGGGGATGGAATTCCGCGTGTAGCAGTGAAATGCGTAGATATGCGGAGGAACACCGATGGCGAAGGCAATCCCCTGGGCCTGCACTGACGCTCATGCACGAAAGCGTGGGGAGCAAACAGG	Jepson Swale	Wet-up responders	Bacteria	Proteobacteria	Gammaproteobacteria	Burkholderiales	Burkholderiaceae	Ramlibacter	NA
TACGTAGGGGGCGAGCGTTATCCGGAATTACTGGGCGTAAAGCGCACGCAGGCGGTCGATCAAGTTCAAGGCGACAGTCACGAGCTTAACTCGTGAAGGACTTTGAAAACTGGCCGACTTGAGAGCGAGAGAGGGGCATGGAACTCCAGGTGGAGCAGTGAAATGCGTAGAGATCTGGAAGAACACCAAAGGCGAAGGCAGTGTCCTGGCTCGTATCTGACGCTCAGGTGCGAAAGCGAGGGGAGCGAACGGG	Jepson Swale	Wet-up responders	Bacteria	Chloroflexota	Ktedonobacteria	Ktedonobacterales	Ktedonobacteraceae	UBA11361	NA
TACGTAGGGTGCAAGCGTTAATCGGAATTACTGGGCGTAAAGCGTGCGCAGGCGGTTTTGTAAGTCTGACGTGAAATCCCCGAGCTTAACTTGGGAATTGCGTTGGAGACTGCAAGGCTGGAGTCTGGCAGAGGGGGGTAGAATTCCACGTGTAGCAGTGAAATGCGTAGAGATGTGGAGGAACACCGATGGCGAAGGCAGCCCCCTGGGTCAAGACTGACGCTCATGCACGAAAGCGTGGGGAGCAAACAGG	Jepson Swale	Wet-up responders	Bacteria	Proteobacteria	Gammaproteobacteria	Burkholderiales	Burkholderiaceae	Massilia	NA
TACGTAGGGTGCAAGCGTTAATCGGAATTACTGGGCGTAAAGCGTGCGCAGGCGGTGATGTAAGACAGATGTGAAATCCCCGGGCTCAACCTGGGAACTGCATTTGTGACTGCATCGCTGGAGTGCGGCAGAGGGGGATGGAATTCCGCGTGTAGCAGTGAAATGCGTAGATATGCGGAGGAACACCGATGGCGAAGGCAATCCCCTGGGCCTGCACTGACGCTCATGCACGAAAGCGTGGGGAGCAAACAGG	Hopland	Wet-up responders	Bacteria	Proteobacteria	Gammaproteobacteria	Burkholderiales	Burkholderiaceae	Ramlibacter	NA
TACGTAGGGTGCAAGCGTTAATCGGAATTACTGGGCGTAAAGCGTGCGCAGGCGGTGATGTAAGACAGGTGTGAAATCCCCGGGCTTAACCTGGGAACTGCATTTGTGACTGCATCGCTGGAGTGCGGCAGAGGGGGATGGAATTCCGCGTGTAGCAGTGAAATGCGTAGATATGCGGAGGAACACCGATGGCGAAGGCAATCCCCTGGGCCTGCACTGACGCTCATGCACGAAAGCGTGGGGAGCAAACAGG	Jepson Mound	Wet-up responders	Bacteria	Proteobacteria	Gammaproteobacteria	Burkholderiales	Burkholderiaceae	Ramlibacter	NA
TACGTAGGGGGCAAGCGTTGTCCGGAATCACTGGGCGTAAAGCGCGCGCAGGCGGTCATCTACGTCTGGGGTGAAAGCCCGGAGCTCAACTCCGGGATTGCCTTGGATACGGGATGACTTGAGGATCGGAGAGGCAAGGGGAATTCCACGTGTAGCGGTGAAATGCGTAGAGATGTGGAGGAACACCTGTGGCGAAGGCGCCTTGCTGGCCGATTTCTGACGCTGAGGCGCGAAAGCGTGGGGAGCAAACAGG	McLaughlin	Wet-up responders	Bacteria	Firmicutes	Bacilli	Tumebacillales	Tumebacillaceae	Tumebacillus	NA
TACGTAGGGTGCAAGCGTTAATCGGAATTACTGGGCGTAAAGCGTGCGCAGGCGGTTTTGTAAGTCTGTCGTGAAATCCCCGGGCTTAACCTGGGAATTGCGATGGAGACTGCAAGGCTGGAGTCTGGCAGAGGGGGGTAGAATTCCACGTGTAGCAGTGAAATGCGTAGAGATGTGGAGGAACACCGATGGCGAAGGCAGCCCCCTGGGTCAAGACTGACGCTCATGCACGAAAGCGTGGGGAGCAAACAGG	Jepson Mound	Wet-up responders	Bacteria	Proteobacteria	Gammaproteobacteria	Burkholderiales	Burkholderiaceae	Massilia	NA
TACGTAGGGTGCAAGCGTTAATCGGAATTACTGGGCGTAAAGCGTGCGCAGGCGGTTTTGTAAGTCTGTCGTGAAATCCCCGGGCTTAACCTGGGAATTGCGATGGAGACTGCAAGGCTAGAATCTGGCAGAGGGGGGTAGAATTCCACGTGTAGCAGTGAAATGCGTAGAGATGTGGAGGAACACCGATGGCGAAGGCAGCCCCCTGGGTCAAGATTGACGCTCATGCACGAAAGCGTGGGGAGCAAACAGG	Jepson Mound	Wet-up responders	Bacteria	Proteobacteria	Gammaproteobacteria	Burkholderiales	Burkholderiaceae	Massilia	NA
TACGTAGGGTGCAAGCGTTAATCGGAATTACTGGGCGTAAAGCGTGCGCAGGCGGTTTTGTAAGTCTGTTGTGAAATCCCCGGGCTTAACCTGGGAATTGCAATGGAGACTGCAAGGCTGGAGTCTGGCAGAGGGGGGTAGAATTCCACGTGTAGCAGTGAAATGCGTAGAGATGTGGAGGAACACCGATGGCGAAGGCAGCCCCCTGGGTCAAGACTGACGCTCATGCACGAAAGCGTGGGGAGCAAACAGG	Jepson Mound	Wet-up responders	Bacteria	Proteobacteria	Gammaproteobacteria	Burkholderiales	Burkholderiaceae	NA	NA
TACGTAGGGTGCAAGCGTTAATCGGAATTACTGGGCGTAAAGCGTGCGCAGGCGGTGATGTAAGACAGGTGTGAAATCCCCGGGCTTAACCTGGGAACTGCATTTGTGACTGCATCGCTGGAGTGCGGCAGAGGGGGATGGAATTCCGCGTGTAGCAGTGAAATGCGTAGATATGCGGAGGAACACCGATGGCGAAGGCAATCCCCTGGGCCTGCACTGACGCTCATGCACGAAAGCGTGGGGAGCAAACAGG	Jepson Swale	Wet-up responders	Bacteria	Proteobacteria	Gammaproteobacteria	Burkholderiales	Burkholderiaceae	Ramlibacter	NA
TACGTAGGGTGCAAGCGTTAATCGGAATTACTGGGCGTAAAGCGTGCGCAGGCGGTTTTGTAAGTCTGACGTGAAATCCCCGAGCTTAACTTGGGAATTGCGTTGGAGACTGCAAGGCTGGAGTCTGGCAGAGGGGGGTAGAATTCCACGTGTAGCAGTGAAATGCGTAGAGATGTGGAGGAACACCGATGGCGAAGGCAGCCCCCTGGGTCAAGACTGACGCTCATGCACGAAAGCGTGGGGAGCAAACAGG	McLaughlin	Wet-up responders	Bacteria	Proteobacteria	Gammaproteobacteria	Burkholderiales	Burkholderiaceae	Massilia	NA
TACGTAGGTGGCAAGCGTTGTCCGGAATTATTGGGCGTAAAGCGCGCGCAGGCGGTCCTTTAAGTCTGATGTGAAAGCCCACGGCTCAACCGTGGAGGGTCATTGGAAACTGGGGGACTTGAGTGCAGAAGAGGAAAGCGGAATTCCACGTGTAGCGGTGAAATGCGTAGAGATGTGGAGGAACACCAGTGGCGAAGGCGGCTTTCTGGTCTGTAACTGACGCTGAGGCGCGAAAGCGTGGGGAGCAAACAGG	Jepson Mound	Wet-up responders	Bacteria	Firmicutes	Bacilli	Bacillales_B	DSM-18226	Neobacillus	NA
TACGTAGGGTGCAAGCGTTAATCGGAATTACTGGGCGTAAAGCGTGCGCAGGCGGTTTTGTAAGTCTGTCGTGAAATCCCCGAGCTTAACTTGGGAATTGCGATGGAGACTGCAAGGCTGGAGTCTGGCAGAGGGGGGTAGAATTCCACGTGTAGCAGTGAAATGCGTAGAGATGTGGAGGAACACCGATGGCGAAGGCAGCCCCCTGGGTCAAGACTGACGCTCATGCACGAAAGCGTGGGGAGCAAACAGG	Jepson Mound	Wet-up responders	Bacteria	Proteobacteria	Gammaproteobacteria	Burkholderiales	Burkholderiaceae	Massilia	NA
TACGTAGGTGGCAAGCGTTGTCCGGAATTATTGGGCGTAAAGCGCGCGCAGGCGGTCCTTTAAGTCTGATGTGAAAGCCCACGGCTCAACCGTGGAGGGTCATTGGAAACTGGGGGACTTGAGTACAGAAGAGGAAAGCGGAATTCCACGTGTAGCGGTGAAATGCGTAGAGATGTGGAGGAACACCAGTGGCGAAGGCGGCTTTCTGGTCTGTAACTGACGCTGAGGCGCGAAAGCGTGGGGAGCAAACAGG	Jepson Mound	Wet-up responders	Bacteria	Firmicutes	Bacilli	NA	NA	NA	NA
TACGTAGGGTGCAAGCGTTAATCGGAATTACTGGGCGTAAAGCGTGCGCAGGCGGTTTTGTAAGTCTGACGTGAAATCCCCGGGCTTAACCTGGGAATTGCGTTGGAGACTGCAAGGCTGGAGTCTGGCAGAGGGGGGTAGAATTCCACGTGTAGCAGTGAAATGCGTAGAGATGTGGAGGAACACCGATGGCGAAGGCAGCCCCCTGGGTCAAGACTGACGCTCATGCACGAAAGCGTGGGGAGCAAACAGG	Jepson Mound	Wet-up responders	Bacteria	Proteobacteria	Gammaproteobacteria	Burkholderiales	Burkholderiaceae	Massilia	Massilia_horti(RS_GCF_004614195_1)
TACGTAGGGTGCAAGCGTTAATCGGAATTACTGGGCGTAAAGCGTGCGCAGGCGGTTTTGTAAGTCTGTCGTGAAATCCCCGGGCTCAACCTGGGAATTGCGATGGAGACTGCAAGGCTGGAGTCTGGCAGAGGGGGGTAGAATTCCACGTGTAGCAGTGAAATGCGTAGAGATGTGGAGGAACACCGATGGCGAAGGCAGCCCCCTGGGTCAAGACTGACGCTCATGCACGAAAGCGTGGGGAGCAAACAGG	Jepson Mound	Wet-up responders	Bacteria	Proteobacteria	Gammaproteobacteria	Burkholderiales	Burkholderiaceae	Massilia	NA
TACGTAGGGGGCAAGCGTTGTCCGGAATTATTGGGCGTAAAGCGCGCGCAGGCGGCTTCTTAAGTCTGATGTGAAAGCCCACGGCTCAACCGTGGAGGGTCATTGGAAACTGGGAAGCTTGAGTGCAGAAGAGGAGAGTGGAATTCCACGTGTAGCGGTGAAATGCGTAGATATGTGGAGGAACACCAGTGGCGAAAGCGGCTCTCTGGTCTGTAACTGACGCTGAGGCGCGAAAGCGTGGGGAGCAAACAGG	Jepson Mound	Wet-up responders	Bacteria	Firmicutes	Bacilli	Bacillales_G	NA	NA	NA
TACGTAGGGTGCAAGCGTTAATCGGAATTACTGGGCGTAAAGCGTGCGCAGGCGGTTTTGTAAGTCTGACGTGAAATCCCCGGGCTTAACCTGGGAATTGCGTTGGAGACTGCAAGGCTAGAGTCTGGCAGAGGGGGGTAGAATTCCACGTGTAGCAGTGAAATGCGTAGAGATGTGGAGGAACACCGATGGCGAAGGCAGCCCCCTGGGTCAAGACTGACGCTCATGCACGAAAGCGTGGGGAGCAAACAGG	Jepson Mound	Wet-up responders	Bacteria	Proteobacteria	Gammaproteobacteria	Burkholderiales	Burkholderiaceae	Massilia	NA
TACGTAGGGTGCAAGCGTTAATCGGAATTACTGGGCGTAAAGCGTGCGCAGGCGGTTTTGTAAGTCTGACGTGAAATCCCCGAGCTTAACTTGGGAATTGCGTTGGAGACTGCAAGGCTGGAGTCTGGCAGAGGGGGGTAGAATTCCACGTGTAGCAGTGAAATGCGTAGAGATGTGGAGGAACACCGATGGCGAAGGCAGCCCCCTGGGTCAAGACTGACGCTCATGCACGAAAGCGTGGGGAGCAAACAGG	Jepson Mound	Wet-up responders	Bacteria	Proteobacteria	Gammaproteobacteria	Burkholderiales	Burkholderiaceae	Massilia	NA
TACGTAGGGTGCAAGCGTTAATCGGAATTACTGGGCGTAAAGCGTGCGCAGGCGGTTTTGTAAGTCTGTCGTGAAAGCCCCGGGCTTAACCTGGGAATTGCGATGGAGACTGCAAGGCTTGAATCTGGCAGAGGGGGGTAGAATTCCACGTGTAGCAGTGAAATGCGTAGAGATGTGGAGGAACACCGATGGCGAAGGCAGCCCCCTGGGTCAAGATTGACGCTCATGCACGAAAGCGTGGGGAGCAAACAGG	Jepson Mound	Wet-up responders	Bacteria	Proteobacteria	Gammaproteobacteria	Burkholderiales	Burkholderiaceae	Massilia	Massilia_sp001426525(RS_GCF_001426525_1)
GACGAACCGTGCGAACGTTATTCGGAATCACTGGGCTTAAAGCGCGTGTAGGCGGGACGGCACGTCGGTCGCTGAAAGCCCCCGGCTCAACCGGGGAACGGGCGCCGATACGACCGGCCTGGAGGGACGTAGGGGGACCTGGAACTTCCGGTGGAGCGGTGAAATGCGTTGAGATCGGAAGGAACGCCCGTGGCGAAAGCGAGGTCCTGGACGTTTTCTGACGCTGAGACGCGAAAGCCAGGGGAGCGAACGGG	Jepson Mound	Wet-up responders	Bacteria	Planctomycetota	Planctomycetia	Isosphaerales	Isosphaeraceae	Aquisphaera	NA
TACGAAGGGGGCTAGCGTTGCTCGGAATCACTGGGCGTAAAGCGCACGTAGGCGGACTCTTAAGTCGGTGGTGAAATCCTGGAGCTCAACTCCAGAACTGCCTTCGATACTGAGAGTCTCGAGTCCGGGAGAGGTGAGTGGAACTGCGAGTGTAGAGGTGAAATTCGTAGATATTCGCAAGAACACCAGTGGCGAAGGCGGCTCACTGGCCCGGTACTGACGCTGAGGTGCGAAAGCGTGGGGAGCAAACAGG	McLaughlin	Wet-up responders	Bacteria	Proteobacteria	Alphaproteobacteria	Rhizobiales	Xanthobacteraceae	Z2-YC6860	Z2-YC6860_sp001579845(RS_GCF_001579845_1)
TACGAAGGGGGCTAGCGTTGCTCGGAATTACTGGGCGTAAAGCGCACGTAGGCGGCTCTTTAAGTCGGAGGTGAAATCCTGGAGCTCAACTCCAGAACTGCCTTCGATACTGAAGAGCTCGAGTCCGGGAGAGGTGAGTGGAACTGCGAGTGTAGAGGTGAAATTCGTAGATATTCGCAAGAACACCAGTGGCGAAGGCGGCTCACTGGCCCGGTACTGACGCTGAGGTGCGAAAGCGTGGGGAGCAAACAGG	Jepson Swale	Wet-up responders	Bacteria	Proteobacteria	Alphaproteobacteria	Rhizobiales	Xanthobacteraceae	Z2-YC6860	NA
TACGTAGGGTGCAAGCGTTAATCGGAATTACTGGGCGTAAAGCGTGCGCAGGCGGTTCGCTAAGACAGATGTGAAATCCCCGGGCTTAACCTGGGAACTGCATTTGTGACTGGCGGGCTAGAGTATGGCAGAGGGGGGTAGAATTCCACGTGTAGCAGTGAAATGCGTAGAGATGTGGAGGAATACCGATGGCGAAGGCAGCCCCCTGGGCCAATACTGACGCTCATGCACGAAAGCGTGGGGAGCAAACAGG	McLaughlin	Wet-up responders	Bacteria	Proteobacteria	Gammaproteobacteria	Burkholderiales	Burkholderiaceae	Paraburkholderia	Paraburkholderia_caledonica(RS_GCF_000685095_1)
TACGAGGGGGGCGAGCGTTGTTCGGAATTATTGGGCGTAAAGGGTGCGTAGGCGGTTTGGTAAGTCTTATGTGAAATCTACAGGCTCAACTTGTAGTCTGCATGAGAAACTGCCGGGCTTGAGTATGGGAGAGGTGAGTGGAATTCCTGGTGTAGCGGTGAAATGCGTAGATATCAGGAGGAACACCTGTGGCGAAAGCGGCTCACTGGACCATAACTGACGCTGATGCACGAAAGCTAGGGGAGCAAACAGG	Jepson Swale	Wet-up responders	Bacteria	Acidobacteriota	Acidobacteriae	Acidobacteriales	Acidobacteriaceae	Terracidiphilus	NA
TACGGAGGGGGCTAGCGTTGTTCGGAATTACTGGGCGTAAAGCGCACGTAGGCGGCTTTGTAAGTTAGAGGTGAAAGCCCAGGGCTTAACCCTGGAATTGCCTTTAAGACTGCATCGCTAGAATCGTGGAGAGGTGAGTGGAATTCCGAGTGTAGAGGTGAAATTCGTAGATATTCGGAAGAACACCAGTGGCGAAGGCGACTCACTGGACACGTATTGACGCTGAGGTGCGAAAGCGTGGGGAGCAAACAGG	Jepson Swale	Wet-up responders	Bacteria	Proteobacteria	Alphaproteobacteria	Sphingomonadales	Sphingomonadaceae	Sphingomicrobium	Sphingomicrobium_sp014873795(RS_GCF_014873795_1)
TACGGGGGGGGCAAGCGTTGTTCGGAATTACTGGGCGTAAAGGGCTCGTAGGCGGCCAACTAAGTCGGATGTGAAATCCCCAGGCTTAACCTGGGAACTGCATCCGATACTGGATGGCTTGAATCCGGGAGAGGGATGCAGAATTCCAGGTGTAGCGGTGAAATGCGTAGATATCTGGAGGAATACCGGTGGCGAAGGCGGCATCCTGGACCGGCATTGACGCTGATGAGCGAAAGCTAGGGGAGCAAACGGG	Hopland	Wet-up responders	Bacteria	Acidobacteriota	Vicinamibacteria	Vicinamibacterales	2-12-FULL-66-21	QHWT01	NA
TACGAAGGGTGCAAGCGTTACTCGGAATTACTGGGCGTAAAGCGTGCGTAGGTGGTGAGTTAAGTCTGTCGTGAAAGCCCCGGGCTCAACCTGGGAATGGCGATGGATACTGGCTCGCTAGAGTGCGGTAGAGGAGAGTGGAATTCCCGGTGTAGCAGTGAAATGCGTAGAGATCGGGAGGAACATCAGTTGCGAAGGCGGCTCTCTGGACCAGCACTGACACTGAGGCACGAAAGCGTGGGGAGCAAACAGG	McLaughlin	Wet-up responders	Bacteria	Proteobacteria	Gammaproteobacteria	Xanthomonadales	Xanthomonadaceae	Arenimonas	NA
TACGGGGGGGGCAAGCGTTGTTCGGAATTACTGGGCGTAAAGGGCTCGTAGGCGGCCAACTAAGTCATACGTGAAATCCCTCGGCTTAACCGGGGAACTGCGTCTGATACTGGATGGCTTGAGTTCGGGAGAGGGATGCGGAATTCCAGGTGTAGCGGTGAAATGCGTAGATATCTGGAGGAACACCGGTGGCGAAGGCGGCATCCTGGACCGATACTGACGCTGAGGAGCGAAAGCCAGGGGAGCAAACGGG	Hopland	Wet-up responders	Bacteria	Acidobacteriota	Vicinamibacteria	Vicinamibacterales	UBA2999	WHSN01	WHSN01_sp018268955(GB_GCA_018268955_1)
TACGGGGGGGGCAAGCGTTGTTCGGAATTACTGGGCGTAAAGGGCTCGTAGGCGGCCAACTAAGTCGGATGTGAAATCCCCAGGCTTAACCTGGGAACTGCATCCGATACTGGATGGCTTGAATCCGGGAGAGGGATGCAGAATTCCAGGTGTAGCGGTGAAATGCGTAGATATCTGGAGGAATACCGGTGGCGAAGGCGGCATCCTGGACCGGCATTGACGCTGATGAGCGAAAGCTAGGGGAGCAAACGGG	McLaughlin	Wet-up responders	Bacteria	Acidobacteriota	Vicinamibacteria	Vicinamibacterales	2-12-FULL-66-21	QHWT01	NA
TACGGGGGGGGCAAGCGTTGTTCGGAATTACTGGGCGTAAAGGGCTCGTAGGTGGCCAACTAAGTCAGACGTGAAATCCCTCGGCTTAACCGGGGAACTGCGTCTGATACTGGATGGCTTGAGTTTGGGAGAGGGACGCGGAATTCCAGGTGTAGCGGTGAAATGCGTAGATATCTGGAGGAACACCGGTGGCGAAGGCGGCGTCCTGGACCAACACTGACACTGAGGAGCGAAAGCCAGGGGAGCAAACGGG	Hopland	Wet-up responders	Bacteria	Acidobacteriota	Vicinamibacteria	Vicinamibacterales	UBA2999	Gp6-AA45	NA
TACAGAGGGGGCAAGCGTTGTTCGGAATTACTGGGCGTAAAGGGCGCGTAGGCGGCCTGTTAAGTCGAACGTGAAATCCCCGGGCTCAACCCGGGAACTGCGTCCGATACTGGCAGGCTTGAATCCGGGAGAGGGATGCGGAATTCCAGGTGTAGCGGTGAAATGCGTAGATATCTGGAGGAACACCGGTGGCGAAGGCGGCATCCTGGACCGGCATTGACGCTGAGGCGCGAAAGCCAGGGGAGCAAACGGG	Hopland	Wet-up responders	Bacteria	Acidobacteriota	Vicinamibacteria	Vicinamibacterales	Vicinamibacteraceae	Luteitalea	NA
TACGGGGGGGGTAAGCGTTGTTCGGAATTACTGGGCGTAAAGGGCTCGTAGGCGGCCAACTAAGTCATACGTGAAATCCCTCAGCTTAACTGGGGAACTGCGTGTGATACTGGATGGCTTGGATTTGGGAGAGGGATGCGGAATTCCAGGTGTAGCGGTGAAATGCGTAGATATCTGGAGGAACACCGGTGGCGAAGGCGGCATCCTGGACCAATATTGACGCTGAGGAGCGAAAGCCAGGGGAGCAAACGGG	Hopland	Wet-up responders	Bacteria	Acidobacteriota	Vicinamibacteria	Vicinamibacterales	UBA2999	WHSN01	NA
TACGTAGGGTGCAAGCGTTAATCGGAATTACTGGGCGTAAAGCGTGCGCAGGCGGCTTTGCAAGACAGATGTGAAATCCCCGGGCTCAACCTGGGAACTGCATTTGTGACTGCAAGGCTGGAGTACGGTAGAGGGGGATGGAATTCCGCGTGTAGCAGTGAAATGCGTAGATATGCGGAGGAACACCGATGGCGAAGGCAATCCCCTGGACCTGTACTGACGCTCATGCACGAAAGCGTGGGGAGCAAACAGG	McLaughlin	Wet-up responders	Bacteria	Proteobacteria	Gammaproteobacteria	Burkholderiales	Burkholderiaceae	Rubrivivax	NA
TACGTAGGGTGCAAGCGTTAATCGGAATTACTGGGCGTAAAGCGTGCGCAGGCGGTTTTGTAAGTCTGTCGTGAAATCCCCGGGCTCAACCTGGGAATTGCGATGGAGACTGCAAGGCTAGAATCTGGCAGAGGGGGGTAGAATTCCACGTGTAGCAGTGAAATGCGTAGAGATGTGGAGGAACACCGATGGCGAAGGCAGCCCCCTGGGTCAAGATTGACGCTCATGCACGAAAGCGTGGGGAGCAAACAGG	Hopland	Wet-up responders	Bacteria	Proteobacteria	Gammaproteobacteria	Burkholderiales	Burkholderiaceae	Massilia	Massilia_aurea_A(RS_GCF_003719535_1)
TACGTAGGGTGCAAGCGTTAATCGGAATTACTGGGCGTAAAGCGTGCGCAGGCGGTTTTGTAAGTCTGTCGTGAAAGCCCCGGGCTCAACCTGGGAATTGCGATGGAGACTGCAAGGCTTGAATCTGGCAGAGGGGGGTAGAATTCCACGTGTAGCAGTGAAATGCGTAGAGATGTGGAGGAACACCGATGGCGAAGGCAGCCCCCTGGGTCAAGATTGACGCTCATGCACGAAAGCGTGGGGAGCAAACAGG	Jepson Mound	Wet-up responders	Bacteria	Proteobacteria	Gammaproteobacteria	Burkholderiales	Burkholderiaceae	Massilia	Massilia_sp004798585(RS_GCF_004798585_1)
TACGTAGGGTGCGAGCGTTAATCGGAATTACTGGGCGTAAAGCGTGCGCAGGCGGTCTGTTAAGACCGATGTGAAATCCCCGGGCTTAACCTGGGAACTGCATTGGTGACTGGCAGGCTTTGAGTGTGGCAGAGGGAGGTAGAATTCCACGTGTAGCAGTGAAATGCGTAGAGATGTGGAGGAATACCGATGGCGAAGGCAGCCTCCTGGGCCAACACTGACGCTCATGCACGAAAGCGTGGGGAGCAAACAGG	Jepson Mound	Wet-up responders	Bacteria	Proteobacteria	Gammaproteobacteria	Burkholderiales	Burkholderiaceae	Caballeronia	Caballeronia_glebae(RS_GCF_001545035_1)
TACGTAGGGTGCAAGCGTTAATCGGAATTACTGGGCGTAAAGCGTGCGCAGGCGGTTCTATAAGACAGATGTGAAATCCCCGGGCTCAACCTGGGAACTGCATTTGTGACTGTAGAGCTGGAGTACGGTAGAGGGGGATGGAATTCCGCGTGTAGCAGTGAAATGCGTAGATATGCGGAGGAACACCGATGGCGAAGGCAATCCCCTGGACCTGTACTGACGCTCATGCACGAAAGCGTGGGGAGCAAACAGG	Jepson Mound	Wet-up responders	Bacteria	Proteobacteria	Gammaproteobacteria	Burkholderiales	Burkholderiaceae	Sphaerotilus	NA
TACGAAGGGGGCTAGCGTTGTTCGGAATTACTGGGCGTAAAGCGCGCGCAGGCGGTTCTTCAAGTCAGTGGTGAAAGCCCGGAGCTCAACTCCGGAACTGCCATTGAAACTGTAGAACTTGAGGATGAGAGAGGTGAGTGGAATTCCCAGTGTAGAGGTGAAATTCGTAGATATTGGGAAGAACACCGGTGGCGAAGGCGGCTCACTGGCTCATTTCTGACGCTCAGGCGCGACAGCGTGGGGATCAAACAGG	Jepson Mound	Wet-up responders	Bacteria	Proteobacteria	Alphaproteobacteria	Micropepsales	Micropepsaceae	Rhizomicrobium	NA
TACGTAGGGTGCGAGCGTTAATCGGAATTACTGGGCGTAAAGCGTGCGCAGGCGGTTCGCCAAGTCAGGTGTGAAATCCCCGGGCTTAACCTGGGAATTGCGCTTGAAACTAGCGGGCTTGAGTGTGGCAGAGGGGGGTGGAATTCCACGTGTAGCAGTGAAATGCGTAGAGATGTGGAGGAACACCGATGGCGAAGGCAGCCCCCTGGGTCAACACTGACGCTCATGCACGAAAGCGTGGGGAGCAAACAGG	McLaughlin	Wet-up responders	Bacteria	Proteobacteria	Gammaproteobacteria	Burkholderiales	NA	NA	NA
GACAGAGGGTGCAAACGTTGTTCGGAATTACTGGGCGTAAAGCGCGTGTAGGCGGCCCTGCAAGTCGGATGTGAAATCCCACGGCTCAACCGTGGAAGTGCATTCGAAACTGCAGGGCTAGAGTCCTGGAGAGGAAGGTGGAATGCTTGGTGTAGAGGTGAAATTCGTAGATATCAAGCGGAACACCGGTGGCGAAGGCGGCCTTCTGGACAGTGACTGACGCTGAGACGCGAAAGCGTGGGGAGCAAACAGG	Hopland	Wet-up responders	Bacteria	Patescibacteria	Saccharimonadia	Saccharimonadales	UBA1547	2011-GWC2-44-17	NA
TACGGAGGGGGCTAGCGTTGTTCGGAATTACTGGGCGTAAAGCGCACGTAGGCGGCTTTGTAAGTTAGAGGTGAAAGCCCGGGGCTCAACTCCGGAATTGCCTTTAAGACTGCATCGCTAGAATTGTGGAGAGGTAAGTGGAATTCCGAGTGTAGAGGTGAAATTCGTAGATATTCGGAAGAACACCAGTGGCGAAGGCGACTTACTGGACACATATTGACGCTGAGGTGCGAAAGCGTGGGGAGCAAACAGG	Jepson Swale	Wet-up responders	Bacteria	Proteobacteria	Alphaproteobacteria	Sphingomonadales	Sphingomonadaceae	Sphingomicrobium	Sphingomicrobium_sp003097155(RS_GCF_003097155_1)
TACGTAGGGTGCAAGCGTTAATCGGAATTACTGGGCGTAAAGCGTGCGCAGGCGGTTCGCTAAGACAGATGTGAAATCCCCGGGCTTAACCTGGGAACTGCATTTGTGACTGGCGGGCTAGAGTATGGCAGAGGGGGGTAGAATTCCACGTGTAGCAGTGAAATGCGTAGAGATGTGGAGGAATACCGATGGCGAAGGCAGCCCCCTGGGCCAATACTGACGCTCATGCACGAAAGCGTGGGGAGCAAACAGG	Jepson Mound	Wet-up responders	Bacteria	Proteobacteria	Gammaproteobacteria	Burkholderiales	Burkholderiaceae	Paraburkholderia	Paraburkholderia_caledonica(RS_GCF_000685095_1)
TACGGAGGGGGCTAGCGTTGTTCGGAATTACTGGGCGTAAAGCGCACGTAGGCGGCTTTGTAAGTTAGAGGTGAAAGCCCGGGGCTCAACTCCGGAATTGCCTTTAAAACTGCATCGCTAGAATTGTGGAGAGGTAAGTGGAATTCCGAGTGTAGAGGTGAAATTCGTAGATATTCGGAAGAACACCAGTGGCGAAGGCGACTTACTGGACACATATTGACGCTGAGGTGCGAAAGCGTGGGGAGCAAACAGG	Jepson Mound	Wet-up responders	Bacteria	Proteobacteria	Alphaproteobacteria	Sphingomonadales	Sphingomonadaceae	Sphingomicrobium	NA
TACGGAGGGGGCTAGCGTTGTTCGGAATTACTGGGCGTAAAGCGCACGTAGGCGGCTTTGTAAGTTAGAGGTGAAAGCCCGGGGCTCAACTCCGGAATTGCCTTTAAGACTGCATCGCTAGAATTGTGGAGAGGTAAGTGGAATTCCGAGTGTAGAGGTGAAATTCGTAGATATTCGGAAGAACACCAGTGGCGAAGGCGACTTACTGGACACATATTGACGCTGAGGTGCGAAAGCGTGGGGAGCAAACAGG	Jepson Mound	Wet-up responders	Bacteria	Proteobacteria	Alphaproteobacteria	Sphingomonadales	Sphingomonadaceae	Sphingomicrobium	Sphingomicrobium_sp003097155(RS_GCF_003097155_1)
TACGAGGGGGGCAAGCGTTGTTCGGAATTATTGGGCGTAAAGGGTGCGTAGGCGGTCTGACAAGTCTGATGTGAAATCTATGGGCTCAACCCATAGTCTGCATCGGAAACTGTCGGGCTTGAGTATGGGAGAGGTGAGTGGAATTTCCGGTGTAGCGGTGAAATGCGTAGATATCGGAAGGAACACCTGTGGCGAAAGCGGCTCACTGGACCATTACTGACGCTGAGGCACGAAAGCTAGGGGAGCAAACAGG	Jepson Mound	Wet-up responders	Bacteria	Acidobacteriota	Acidobacteriae	Acidobacteriales	Acidobacteriaceae	Edaphobacter	NA
TACGTAGGGTGCAAGCGTTAATCGGAATTACTGGGCGTAAAGCGTGCGCAGGCGGTTTTGTAAGTCTGTCGTGAAAGCCCCGGGCTTAACCTGGGAATTGCGATGGAGACTGCAAGGCTTGAATCTGGCAGAGGGGGGTAGAATTCCACGTGTAGCAGTGAAATGCGTAGAGATGTGGAGGAACACCGATGGCGAAGGCAGCCCCCTGGGTCAAGATTGACGCTCATGCACGAAAGCGTGGGGAGCAAACAGG	Jepson Swale	Wet-up responders	Bacteria	Proteobacteria	Gammaproteobacteria	Burkholderiales	Burkholderiaceae	Massilia	Massilia_sp001426525(RS_GCF_001426525_1)
TACGTAGGGTGCAAGCGTTAATCGGAATTACTGGGCGTAAAGCGTGCGCAGGCGGTTTTGTAAGTCTGTTGTGAAATCCCCGGGCTTAACCTGGGAATGGCAATGGAGACTGCAAGGCTAGAGTTTGGCAGAGGGGGGTAGAATTCCACGTGTAGCAGTGAAATGCGTAGAGATGTGGAGGAACACCGATGGCGAAGGCAGCCCCCTGGGTCAAGACTGACGCTCATGCACGAAAGCGTGGGGAGCAAACAGG	Hopland	Wet-up responders	Bacteria	Proteobacteria	Gammaproteobacteria	Burkholderiales	Burkholderiaceae	Pseudoduganella	Pseudoduganella_dura(RS_GCF_009727155_1)
TACGTAGGGTGCGAGCGTTAATCGGAATTACTGGGCGTAAAGTGTGCGCAGGCGGCAGAGCAAGTCGAGTGTGAAAGCCCCGGGCTTAACTTGGGAATTGCGCTCGAAACTACTTTGCTGGAGTGTGGCAGAGGAAGGTGGAATTCCACGTGTAGCGGTGAAATGCGTAGAGATGTGGAGGAACACCAATGGCGAAGGCAGCCTTCTGGGCCAACACTGACGCTCATGCACGAAAGCGTGGGGAGCAAACAGG	McLaughlin	Wet-up responders	Bacteria	Proteobacteria	Gammaproteobacteria	Burkholderiales	SG8-39	SCGC-AG-212-J23	NA
TACGGGGGGGGTAAGCGTTGTTCGGAATTACTGGGCGTAAAGGGCTCGTAGGCGGCCAACTAAGTCAGACGTGAAATCCCTCAGCTTAACTGGGGAACTGCGTCTGATACTGGATGGCTTGGATTCGGGAGAGGAATGCGGAATTCCAGGTGTAGCGGTGAAATGCGTAGATATCTGGAGGAACACCGGTGGCGAAGGCGGCATTCTGGACCGACATTGACGCTGAGGAGCGAAAGCCAGGGGAGCAAACGGG	McLaughlin	Wet-up responders	Bacteria	Acidobacteriota	Vicinamibacteria	Vicinamibacterales	NA	NA	NA
TACAGAGGGTGCGAGCGTTGTTCGGAATTACTGGGCGTAAAGCGCGCGCAGGCGGCTCTTTAAGTCCATCGGTGAAATGCCGGGGCTCAACCCCGAGCCTGCCGAGGATACTGAGGAGCTGGAGACACGTAGAGGCAAGCGGAATTCCGGGTGTAGCGGTGGAATGCGTAGAGATCCGGAAGAACACCGGAGGCGAAGGCGGCTTGCTGGGCGTAGTCTGACGCTGAGGCGCGAAAGCGTGGGGAGCGAACAGG	Jepson Mound	Wet-up responders	Bacteria	Gemmatimonadota	Gemmatimonadetes	Longimicrobiales	Longimicrobiaceae	Longimicrobium	NA
TACGAAGGGTGCAAGCGTTAATCGGAATTACTGGGCGTAAAGCGTGCGTAGGCGGTTGTTTAAGTCTGCTGTGAAATCCCCGGGCTCAACCTGGGAATGGCAGTGGATACTGGGCAGCTAGAGTGTGTCAGAGGATGGTGGAATTCCCGGTGTAGCGGTGAAATGCGTAGAGATCGGGAGGAACATCAGTGGCGAAGGCGGCCATCTGGGACAACACTGACGCTGAGGCACGAAAGCGTGGGGAGCAAACAGG	Jepson Mound	Wet-up responders	Bacteria	Proteobacteria	Gammaproteobacteria	Xanthomonadales	Rhodanobacteraceae	Frateuria_A	NA
TACGTAGGGTGCGAGCGTTAATCGGAATTACTGGGCGTAAAGCGTGCGCAGGCGGTGATGTAAGACAGATGTGAAATCCCCGGGCTCAACCTGGGAACTGCATTTGTGACTGCATCGCTGGAGTGCGGCAGAGGGGGATGGAATTCCGCGTGTAGCAGTGAAATGCGTAGATATGCGGAGGAACACCGATGGCGAAGGCAATCCCCTGGGCCTGCACTGACGCTCATGCACGAAAGCGTGGGGAGCAAACAGG	Jepson Mound	Wet-up responders	Bacteria	Proteobacteria	Gammaproteobacteria	Burkholderiales	Burkholderiaceae	NA	NA
TACGTAGGGTGCAAGCGTTAATCGGAATTACTGGGCGTAAAGCGTGCGCAGGCGGTTCGCTAAGACAGATGTGAAATCCCCGGGCTTAACCTGGGAACTGCATTTGTGACTGGCGGGCTAGAGTATGGCAGAGGGGGGTAGAATTCCACGTGTAGCAGTGAAATGCGTAGAGATGTGGAGGAATACCGATGGCGAAGGCAGCCCCCTGGGCCAATACTGACGCTCATGCACGAAAGCGTGGGGAGCAAACAGG	Jepson Swale	Wet-up responders	Bacteria	Proteobacteria	Gammaproteobacteria	Burkholderiales	Burkholderiaceae	Paraburkholderia	Paraburkholderia_caledonica(RS_GCF_000685095_1)
TACGTAGGGTGCGAGCGTTAATCGGAATTACTGGGCGTAAAGCGTGCGCAGGCGGCTTTGCAAGACAGATGTGAAATCCCCGGGCTCAACCTGGGAACTGCATTTGTGACTGCAAGGCTAGAGTACGGTAGAGGGGGATGGAATTCCGCGTGTAGCAGTGAAATGCGTAGATATGCGGAGGAACACCGATGGCGAAGGCAATCCCCTGGACCTGTACTGACGCTCATGCACGAAAGCGTGGGGAGCAAACAGG	Hopland	Wet-up responders	Bacteria	Proteobacteria	Gammaproteobacteria	Burkholderiales	Burkholderiaceae	Rubrivivax	NA
TACGTAGGGTGCAAGCGTTAATCGGAATTACTGGGCGTAAAGCGTGCGCAGGCGGTTCTATAAGACAGATGTGAAATCCCCGGGCTCAACCTGGGAACTGCATTTGTGACTGTAGAGCTGGAGTACGGCAGAGGGGGATGGAATTCCGCGTGTAGCAGTGAAATGCGTAGATATGCGGAGGAACACCGATGGCGAAGGCAATCCCCTGGGCCTGTACTGACGCTCATGCACGAAAGCGTGGGGAGCAAACAGG	Jepson Swale	Wet-up responders	Bacteria	Proteobacteria	Gammaproteobacteria	Burkholderiales	Burkholderiaceae	CAIMXF01	CAIMXF01_sp013289985(GB_GCA_013289985_1)
TACGTAGGGTGCAAGCGTTAATCGGAATTACTGGGCGTAAAGCGTGCGCAGGCGGTTCTATAAGACAGATGTGAAATCCCCGGGCTCAACCTGGGAACTGCATTTGTGACTGTAGAGCTGGAGTACGGCAGAGGGGGATGGAATTCCGCGTGTAGCAGTGAAATGCGTAGATATGCGGAGGAACACCGATGGCGAAGGCAATCCCCTGGGCCTGTACTGACGCTCATGCACGAAAGCGTGGGGAGCAAACAGG	Jepson Mound	Wet-up responders	Bacteria	Proteobacteria	Gammaproteobacteria	Burkholderiales	Burkholderiaceae	CAIMXF01	CAIMXF01_sp013289985(GB_GCA_013289985_1)
TACGAGGGGTGCAAGCGTTGCTCGGAATTATTGGGCGTAAAGGGTAGGTAGGTGGTCTCGTTTGTCTGGGGTGAAAGCCTTGAGCTTAACTCAAGAAGTGCCCTAGAAACGGCGAGACTAGAGTCTTGGAGAGGGTCGTGGAATTCCCGGTGTAGCGGTGAAATGCGTAGAGATCGGGAGGAACACCAGAGGCGAAGGCGGCGACCTGGACAAGTACTGACACTCAACTACGAAAGCGTGGGGAGCAAACAGG	Jepson Mound	Wet-up responders	Bacteria	Hydrogenedentota	Hydrogenedentia	Hydrogenedentiales	CAIZGN01	CAIZGN01	NA
TACAGAGGGTGCGAGCGTTGTTCGGAATTATTGGGCGTAAAGGGCGCGTAGGCGGCGCGGTATGTCACCTGTGAAATCTCCTGGCTCAACTGGGAGCTTGCAGGCGAAACTGCCGTGCTGGAGTATGGGAGAGGTGCGTGGAATTCCCGGTGTAGCGGTGAAATGCGTAGATATCGGGAGGAACACCTGTGGCGAAAGCGGCGCACTGGACCATAACTGACGCTGAGGCGCGAAAGCTAGGGGAGCAAACAGG	Jepson Mound	Wet-up responders	Bacteria	Acidobacteriota	Acidobacteriae	Acidobacteriales	SbA1	JABDBE01	NA
TACGAAGGGGGCTAGCGTTGCTCGGAATTACTGGGCGTAAAGGGCGCGTAGGCGGGTCGTTTAGTTAGAGGTGAAAGCCCAGGGCTCAACCCTGGAATTGCCTTTAATACTGGCGGCCTTGAGTATGGCAGAGGTGTGTGGAACTCCGAGTGTAGAGGTGAAATTCGTAGATATTCGGAAGAACACCAGTGGCGAAGGCGACACACTGGGCCATTACTGACGCTGAGGCGCGAAAGCGTGGGGAGCAAACAGG	Jepson Mound	Wet-up responders	Bacteria	Proteobacteria	Alphaproteobacteria	Caulobacterales	Caulobacteraceae	NA	NA
TACGTAGGGTGCAAGCGTTAATCGGAATTACTGGGCGTAAAGCGTGCGCAGGCGGTTCTATAAGACAGATGTGAAATCCCCGGGCTCAACCTGGGAACTGCATTTGTGACTGTAGAGCTGGAGTGCGGCAGAGGGGGATGGAATTCCGCGTGTAGCAGTGAAATGCGTAGATATGCGGAGGAACACCGATGGCGAAGGCAATCCCCTGGGCCTGCACTGACGCTCATGCACGAAAGCGTGGGGAGCAAACAGG	Jepson Mound	Wet-up responders	Bacteria	Proteobacteria	Gammaproteobacteria	Burkholderiales	Burkholderiaceae	CAIMXF01	NA
TACGGGGGGGGCAAGCGTTGTTCGGAATTACTGGGCGTAAAGGGCTCGTAGGTGGCCAACTAAGTCGGACGTGAAATCCCTCAGCTTAACTGGGGAACTGCGTCCGATACTGGATGGCTTGAGTTTGGGAGAGGGATGCGGAATTCCAGGTGTAGCGGTGAAATGCGTAGATATCTGGAGGAACACCGGTGGCGAAGGCGGCATCCTGGACCAACACTGACACTGAGGAGCGAAAGCCAGGGGAGCAAACGGG	McLaughlin	Wet-up responders	Bacteria	Acidobacteriota	Vicinamibacteria	Vicinamibacterales	UBA2999	NA	NA
TACAGGGGGGGCAAGCGTTGTTCGGAATTACTGGGCGTAAAGGGCTCGTAGGTGGCCAACTAAGTCGGACGTGAAATCCCTCAGCTTAACTGGGGAACTGCGTCCGATACTGGATGGCTTGAGTTTGGGAGAGGGATGCGGAATTCCAGGTGTAGCGGTGAAATGCGTAGATATCTGGAGGAACACCGGTGGCGAAGGCGGCATCCTGGACCAACACTGACACTGAGGAGCGAAAGCCAGGGGAGCAAACGGG	McLaughlin	Wet-up responders	Bacteria	Acidobacteriota	Vicinamibacteria	Vicinamibacterales	UBA2999	NA	NA
TACGTAGGGGGCGAGCGTTGTCCGGAGTTACTGGGCGTAAAGCGCATGCAGGCGGTTCGGTACGTTTAAGGTAACAGCTCCCGGCTCAACTGGGAGAGTGTCTTGAAAACGGCCGGACTTGAGGGCTCAAGAGGGACATGGAATTCCGGGTGTAGTGGTGAAATGCGTAGATATCCGGAGGAACACCAATGGCGAAGGCAGTGTCCTGGTGAGCACCTGACGCTCAGATGCGAAAGCTAGGGGAGCGAACGGG	Jepson Swale	Wet-up responders	Bacteria	Chloroflexota	Ktedonobacteria	Ktedonobacterales	Ktedonobacteraceae	UBA11361	NA
TACGGAGGGTGCAAGCGTTATCCGGATTCACTGGGTTTAAAGGGTGCGTAGGCGGACAGGTAAGTCAGTGGTGAAATCTCTGAGCTTAACTCAGAAACTGCCGTTGATACTATCTGTCTTGAATATCATGGAGGTAAGCGGAATATGTCATGTAGCGGTGAAATGCTTAGATATGACATAGAACACCGATAGCGAAGGCAGCTTACTACATGGAGATTGACGCTGAGGCACGAAAGCGTGGGGAGCAAACAGG	McLaughlin	Wet-up responders	Bacteria	Bacteroidota	Bacteroidia	Chitinophagales	Chitinophagaceae	NA	NA
TACGTAGGGTGCGAGCGTTAATCGGAATTACTGGGCGTAAAGCGTGCGCAGGCGGTGATGTAAGACAGGTGTGAAATCCCCGGGCTTAACCTGGGAACTGCATTTGTGACTGCATCGCTGGAGTGCGGCAGAGGGGGATGGAATTCCGCGTGTAGCAGTGAAATGCGTAGATATGCGGAGGAACACCGATGGCGAAGGCAATCCCCTGGGCCTGCACTGACGCTCATGCACGAAAGCGTGGGGAGCAAACAGG	Jepson Swale	Wet-up responders	Bacteria	Proteobacteria	Gammaproteobacteria	Burkholderiales	Burkholderiaceae	Ramlibacter	Ramlibacter_ginsenosidimutans(RS_GCF_016654015_1)
TACGTAGGGTGCAAGCGTTAATCGGAATTACTGGGCGTAAAGCGTGCGCAGGCGGTTATGTAAGACAGGTGTGAAATCCCCGGGCTTAACCTGGGAACTGCATTTGTGACTGCATAGCTAGAGTACGGTAGAGGGGGATGGAATTCCGCGTGTAGCAGTGAAATGCGTAGATATGCGGAGGAACACCGATGGCGAAGGCAATCCCCTGGACCTGTACTGACGCTCATGCACGAAAGCGTGGGGAGCAAACAGG	McLaughlin	Wet-up responders	Bacteria	Proteobacteria	Gammaproteobacteria	Burkholderiales	Burkholderiaceae	Ramlibacter	Ramlibacter_sp013087525(RS_GCF_013087525_1)
TACGTAGGGTGCAAGCGTTAATCGGAATTACTGGGCGTAAAGCGTGCGCAGGCGGTTTTGTAAGTCTGTCGTGAAAGCCCCGGGCTCAACCTGGGAATTGCGATGGAGACTGCAAGGCTTGAATCTGGCAGAGGGGGGTAGAATTCCACGTGTAGCAGTGAAATGCGTAGAGATGTGGAGGAACACCGATGGCGAAGGCAGCCCCCTGGGTCAAGATTGACGCTCATGCACGAAAGCGTGGGGAGCAAACAGG	McLaughlin	Wet-up responders	Bacteria	Proteobacteria	Gammaproteobacteria	Burkholderiales	Burkholderiaceae	Massilia	Massilia_sp004798585(RS_GCF_004798585_1)
TACGGAGGGTGCAAGCGTTATCCGGATTCACTGGGTTTAAAGGGTGCGTAGGAGGGCAGGGAAGTCAGTGGTGAAATCTCCGGGCTTAACTCGGAAACTGCCGTTGATACTCTCTGTCTTGAATCCCGTGGAGGTGAGCGGAATATGTCATGTAGCGGTGAAATGCTTAGATATGACATAGAACACCAATTGCGAAGGCAGCTCGCTACACGAAGATTGACTCTGAGGCACGAAAGCGTGGGGATCAAACAGG	McLaughlin	Wet-up responders	Bacteria	Bacteroidota	Bacteroidia	Chitinophagales	Chitinophagaceae	Flavisolibacter	Flavisolibacter_sp014163555(GB_GCA_014163555_1)
TACGTAGGGTGCAAGCGTTAATCGGAATTACTGGGCGTAAAGCGTGCGCAGGCGGTTTTGTAAGTCTGTCGTGAAATCCCCGGGCTTAACCTGGGAATGGCGATGGAGACTGCAAGGCTAGAATCTGGCAGAGGGGGGTAGAATTCCACGTGTAGCAGTGAAATGCGTAGAGATGTGGAGGAACACCGATGGCGAAGGCAGCCCCCTGGGCTAAGATTGACGCTCATGCACGAAAGCGTGGGGAGCAAACAGG	McLaughlin	Wet-up responders	Bacteria	Proteobacteria	Gammaproteobacteria	Burkholderiales	Burkholderiaceae	Pseudoduganella	NA
TACGTAGGGTGCAAGCGTTAATCGGAATTACTGGGCGTAAAGCGTGCGCAGGCGGTTTTGTAAGTCTGACGTGAAATCCCCGGGCTTAACCTGGGAATTGCGTTGGAGACTGCAAGGCTAGAGTCTGGCAGAGGGGGGTAGAATTCCACGTGTAGCAGTGAAATGCGTAGAGATGTGGAGGAACACCGATGGCGAAGGCAGCCCCCTGGGTCAAGACTGACGCTCATGCACGAAAGCGTGGGGAGCAAACAGG	Jepson Swale	Wet-up responders	Bacteria	Proteobacteria	Gammaproteobacteria	Burkholderiales	Burkholderiaceae	Massilia	NA
TACGTAGGGTGCGAGCGTTAATCGGAATTACTGGGCGTAAAGCGTGCGCAGGCGGTGATGTAAGACAGATGTGAAATCCCCGGGCTCAACCTGGGAACTGCATTTGTGACTGCATCGCTGGAGTGCGGCAGAGGGGGATGGAATTCCGCGTGTAGCAGTGAAATGCGTAGATATGCGGAGGAACACCGATGGCGAAGGCAATCCCCTGGGCCTGCACTGACGCTCATGCACGAAAGCGTGGGGAGCAAACAGG	Jepson Swale	Wet-up responders	Bacteria	Proteobacteria	Gammaproteobacteria	Burkholderiales	Burkholderiaceae	NA	NA
TACGGAGGGGGCTAGCGTTGTTCGGAATTACTGGGCGTAAAGCGCACGTAGGCGGCTTTGTAAGTTAGAGGTGAAAGCCCGGGGCTCAACTCCGGAATTGCCTTTAAGACTGCATCGCTAGAATTGTGGAGAGGTAAGTGGAATTCCGAGTGTAGAGGTGAAATTCGTAGATATTCGGAAGAACACCAGTGGCGAAGGCGACTTACTGGACACATATTGACGCTGAGGTGCGAAAGCGTGGGGAGCAAACAGG	McLaughlin	Wet-up responders	Bacteria	Proteobacteria	Alphaproteobacteria	Sphingomonadales	Sphingomonadaceae	Sphingomicrobium	Sphingomicrobium_sp003097155(RS_GCF_003097155_1)
TACGTAGGATGCGAGCGTTGTCCGGAATTATTGGGCGTAAAGCGAACGTAGGCGGTTTCTTAAGATTGGTCTTAAAGACCGGGGCTCAACCCCGGGAATGGATCGATAACTGGGAGACTGGAGGACGTCAGAGGAAAGTGGAATTCCGAGTGTAGCGGTGAAATGCGTAGATATTCGGAGGAACACCAGTGGCGAAAGCGACTTTCTGGGGCGTTCCTGACGCTGAGGTTCGAAAGCTCGGGGAGCAAACAGG	McLaughlin	Wet-up responders	Bacteria	NA	NA	NA	NA	NA	NA
TACGGAGGGGGCTAGCGTTGTTCGGAATTACTGGGCGTAAAGCGCACGTAGGCGGCTTTGTAAGTTAGAGGTGAAAGCCCGGGGCTCAACTCCGGAATTGCCTTTAAGACTGCATCGCTAGAATTGTGGAGAGGTGAGTGGAATTCCGAGTGTAGAGGTGAAATTCGTAGATATTCGGAAGAACACCAGTGGCGAAGGCGACTCACTGGACACATATTGACGCTGAGGTGCGAAAGCGTGGGGAGCAAACAGG	McLaughlin	Wet-up responders	Bacteria	Proteobacteria	Alphaproteobacteria	Sphingomonadales	Sphingomonadaceae	Sphingomicrobium	NA
TACGTAGGGTGCAAGCGTTAATCGGAATTACTGGGCGTAAAGCGTGCGCAGGCGGTTTTGTAAGTCTGTCGTGAAATCCCCGGGCTCAACCTGGGAATTGCGATGGAGACTGCAAGGCTAGAATCTGGCAGAGGGGGGTAGAATTCCACGTGTAGCAGTGAAATGCGTAGAGATGTGGAGGAACACCGATGGCGAAGGCAGCCCCCTGGGTCAAGATTGACGCTCATGCACGAAAGCGTGGGGAGCAAACAGG	McLaughlin	Wet-up responders	Bacteria	Proteobacteria	Gammaproteobacteria	Burkholderiales	Burkholderiaceae	Massilia	Massilia_aurea_A(RS_GCF_003719535_1)